{
    "class_mapping": {
        "WithMask": 0,
        "WithoutMask": 1
    },
    "models": {
        "EfficientNetB0": {
            "accuracy": 1.0,
            "precision": 1.0,
            "recall": 1.0,
            "f1_score": 1.0,
            "roc_auc": 1.0
        },
        "MobileNetV2": {
            "accuracy": 0.9959443800695249,
            "precision": 0.9919540229885058,
            "recall": 1.0,
            "f1_score": 0.9959607616849394,
            "roc_auc": 1.0
        },
        "ResNet50": {
            "accuracy": 0.9953650057937428,
            "precision": 0.9908151549942594,
            "recall": 1.0,
            "f1_score": 0.9953863898500577,
            "roc_auc": 0.9999973146035884
        }
    }
}