{
    "class_mapping": {
        "WithMask": 0,
        "WithoutMask": 1
    },
    "models": {
        "EfficientNetB0": {
            "accuracy": 1.0,
            "precision": 1.0,
            "recall": 1.0,
            "f1_score": 1.0,
            "roc_auc": 1.0
        },
        "MobileNetV2": {
            "accuracy": 0.9959443807601929,
            "precision": 0.9959770114942529,
            "recall": 0.9959443800695249,
            "f1_score": 0.9959443133613761,
            "roc_auc": 0.9981242506065638
        },
        "ResNet50": {
            "accuracy": 0.9953650236129761,
            "precision": 0.9954075774971297,
            "recall": 0.9953650057937428,
            "f1_score": 0.995364906217229,
            "roc_auc": 0.9969896706227032
        }
    }
}